[{"model": "tournament.team", "pk": 1, "fields": {"country": "team1"}}, {"model": "tournament.team", "pk": 2, "fields": {"country": "team2"}}, {"model": "tournament.team", "pk": 3, "fields": {"country": "team3"}}, {"model": "tournament.team", "pk": 4, "fields": {"country": "team4"}}, {"model": "tournament.team", "pk": 5, "fields": {"country": "team5"}}, {"model": "tournament.team", "pk": 6, "fields": {"country": "team6"}}, {"model": "tournament.team", "pk": 7, "fields": {"country": "team7"}}, {"model": "tournament.team", "pk": 8, "fields": {"country": "team8"}}, {"model": "tournament.team", "pk": 9, "fields": {"country": "team9"}}, {"model": "tournament.team", "pk": 10, "fields": {"country": "team10"}}, {"model": "tournament.match", "pk": 1, "fields": {"date": "2017-10-09"}}, {"model": "tournament.match", "pk": 2, "fields": {"date": "2014-11-26"}}, {"model": "tournament.match", "pk": 3, "fields": {"date": "2012-03-12"}}, {"model": "tournament.match", "pk": 4, "fields": {"date": "2016-07-14"}}, {"model": "tournament.match", "pk": 5, "fields": {"date": "2012-07-11"}}, {"model": "tournament.match", "pk": 6, "fields": {"date": "2014-07-22"}}, {"model": "tournament.match", "pk": 7, "fields": {"date": "2018-11-25"}}, {"model": "tournament.match", "pk": 8, "fields": {"date": "2015-01-09"}}, {"model": "tournament.match", "pk": 9, "fields": {"date": "2013-08-21"}}, {"model": "tournament.match", "pk": 10, "fields": {"date": "2018-01-03"}}, {"model": "tournament.teammatch", "pk": 1, "fields": {"team": 5, "match": 2, "batting_score": 214, "batting_wickets": 5, "batting_overs": 15}}, {"model": "tournament.teammatch", "pk": 2, "fields": {"team": 7, "match": 6, "batting_score": 137, "batting_wickets": 3, "batting_overs": 13}}, {"model": "tournament.teammatch", "pk": 3, "fields": {"team": 7, "match": 2, "batting_score": 130, "batting_wickets": 9, "batting_overs": 2}}, {"model": "tournament.teammatch", "pk": 4, "fields": {"team": 9, "match": 8, "batting_score": 80, "batting_wickets": 5, "batting_overs": 4}}, {"model": "tournament.teammatch", "pk": 5, "fields": {"team": 8, "match": 3, "batting_score": 93, "batting_wickets": 5, "batting_overs": 5}}, {"model": "tournament.teammatch", "pk": 6, "fields": {"team": 8, "match": 2, "batting_score": 62, "batting_wickets": 2, "batting_overs": 18}}, {"model": "tournament.teammatch", "pk": 7, "fields": {"team": 1, "match": 8, "batting_score": 98, "batting_wickets": 1, "batting_overs": 7}}, {"model": "tournament.teammatch", "pk": 8, "fields": {"team": 4, "match": 10, "batting_score": 84, "batting_wickets": 3, "batting_overs": 11}}, {"model": "tournament.teammatch", "pk": 9, "fields": {"team": 9, "match": 6, "batting_score": 208, "batting_wickets": 9, "batting_overs": 9}}, {"model": "tournament.teammatch", "pk": 10, "fields": {"team": 5, "match": 10, "batting_score": 71, "batting_wickets": 10, "batting_overs": 20}}, {"model": "tournament.teammatch", "pk": 11, "fields": {"team": 6, "match": 7, "batting_score": 74, "batting_wickets": 6, "batting_overs": 11}}, {"model": "tournament.teammatch", "pk": 12, "fields": {"team": 1, "match": 6, "batting_score": 113, "batting_wickets": 4, "batting_overs": 12}}, {"model": "tournament.teammatch", "pk": 13, "fields": {"team": 1, "match": 7, "batting_score": 172, "batting_wickets": 7, "batting_overs": 6}}, {"model": "tournament.teammatch", "pk": 14, "fields": {"team": 7, "match": 1, "batting_score": 201, "batting_wickets": 8, "batting_overs": 7}}, {"model": "tournament.teammatch", "pk": 15, "fields": {"team": 7, "match": 9, "batting_score": 104, "batting_wickets": 4, "batting_overs": 6}}, {"model": "tournament.teammatch", "pk": 16, "fields": {"team": 5, "match": 4, "batting_score": 60, "batting_wickets": 2, "batting_overs": 8}}, {"model": "tournament.teammatch", "pk": 17, "fields": {"team": 5, "match": 9, "batting_score": 131, "batting_wickets": 3, "batting_overs": 15}}, {"model": "tournament.teammatch", "pk": 18, "fields": {"team": 9, "match": 1, "batting_score": 167, "batting_wickets": 5, "batting_overs": 6}}, {"model": "tournament.teammatch", "pk": 19, "fields": {"team": 6, "match": 5, "batting_score": 68, "batting_wickets": 10, "batting_overs": 5}}, {"model": "tournament.teammatch", "pk": 20, "fields": {"team": 10, "match": 4, "batting_score": 61, "batting_wickets": 4, "batting_overs": 13}}, {"model": "tournament.teammatch", "pk": 21, "fields": {"team": 5, "match": 8, "batting_score": 109, "batting_wickets": 7, "batting_overs": 11}}, {"model": "tournament.teammatch", "pk": 22, "fields": {"team": 10, "match": 4, "batting_score": 190, "batting_wickets": 2, "batting_overs": 7}}, {"model": "tournament.teammatch", "pk": 23, "fields": {"team": 4, "match": 1, "batting_score": 210, "batting_wickets": 7, "batting_overs": 14}}, {"model": "tournament.teammatch", "pk": 24, "fields": {"team": 3, "match": 5, "batting_score": 149, "batting_wickets": 8, "batting_overs": 4}}, {"model": "tournament.teammatch", "pk": 25, "fields": {"team": 1, "match": 2, "batting_score": 57, "batting_wickets": 3, "batting_overs": 3}}, {"model": "tournament.teammatch", "pk": 26, "fields": {"team": 2, "match": 3, "batting_score": 91, "batting_wickets": 8, "batting_overs": 2}}, {"model": "tournament.teammatch", "pk": 27, "fields": {"team": 2, "match": 6, "batting_score": 56, "batting_wickets": 9, "batting_overs": 13}}, {"model": "tournament.teammatch", "pk": 28, "fields": {"team": 2, "match": 7, "batting_score": 208, "batting_wickets": 9, "batting_overs": 6}}, {"model": "tournament.teammatch", "pk": 29, "fields": {"team": 8, "match": 1, "batting_score": 71, "batting_wickets": 3, "batting_overs": 1}}, {"model": "tournament.teammatch", "pk": 30, "fields": {"team": 8, "match": 10, "batting_score": 59, "batting_wickets": 9, "batting_overs": 3}}, {"model": "tournament.teammatch", "pk": 31, "fields": {"team": 1, "match": 1, "batting_score": 196, "batting_wickets": 7, "batting_overs": 2}}, {"model": "tournament.teammatch", "pk": 32, "fields": {"team": 6, "match": 4, "batting_score": 152, "batting_wickets": 9, "batting_overs": 2}}, {"model": "tournament.teammatch", "pk": 33, "fields": {"team": 5, "match": 7, "batting_score": 85, "batting_wickets": 3, "batting_overs": 20}}, {"model": "tournament.teammatch", "pk": 34, "fields": {"team": 9, "match": 10, "batting_score": 196, "batting_wickets": 3, "batting_overs": 10}}, {"model": "tournament.teammatch", "pk": 35, "fields": {"team": 6, "match": 6, "batting_score": 201, "batting_wickets": 5, "batting_overs": 14}}, {"model": "tournament.teammatch", "pk": 36, "fields": {"team": 4, "match": 4, "batting_score": 179, "batting_wickets": 3, "batting_overs": 13}}, {"model": "tournament.teammatch", "pk": 37, "fields": {"team": 6, "match": 1, "batting_score": 106, "batting_wickets": 1, "batting_overs": 6}}, {"model": "tournament.teammatch", "pk": 38, "fields": {"team": 8, "match": 2, "batting_score": 126, "batting_wickets": 6, "batting_overs": 2}}, {"model": "tournament.teammatch", "pk": 39, "fields": {"team": 3, "match": 10, "batting_score": 137, "batting_wickets": 5, "batting_overs": 19}}, {"model": "tournament.teammatch", "pk": 40, "fields": {"team": 9, "match": 10, "batting_score": 73, "batting_wickets": 7, "batting_overs": 10}}, {"model": "auth.permission", "pk": 1, "fields": {"name": "Can add log entry", "content_type": 1, "codename": "add_logentry"}}, {"model": "auth.permission", "pk": 2, "fields": {"name": "Can change log entry", "content_type": 1, "codename": "change_logentry"}}, {"model": "auth.permission", "pk": 3, "fields": {"name": "Can delete log entry", "content_type": 1, "codename": "delete_logentry"}}, {"model": "auth.permission", "pk": 4, "fields": {"name": "Can view log entry", "content_type": 1, "codename": "view_logentry"}}, {"model": "auth.permission", "pk": 5, "fields": {"name": "Can add permission", "content_type": 2, "codename": "add_permission"}}, {"model": "auth.permission", "pk": 6, "fields": {"name": "Can change permission", "content_type": 2, "codename": "change_permission"}}, {"model": "auth.permission", "pk": 7, "fields": {"name": "Can delete permission", "content_type": 2, "codename": "delete_permission"}}, {"model": "auth.permission", "pk": 8, "fields": {"name": "Can view permission", "content_type": 2, "codename": "view_permission"}}, {"model": "auth.permission", "pk": 9, "fields": {"name": "Can add group", "content_type": 3, "codename": "add_group"}}, {"model": "auth.permission", "pk": 10, "fields": {"name": "Can change group", "content_type": 3, "codename": "change_group"}}, {"model": "auth.permission", "pk": 11, "fields": {"name": "Can delete group", "content_type": 3, "codename": "delete_group"}}, {"model": "auth.permission", "pk": 12, "fields": {"name": "Can view group", "content_type": 3, "codename": "view_group"}}, {"model": "auth.permission", "pk": 13, "fields": {"name": "Can add user", "content_type": 4, "codename": "add_user"}}, {"model": "auth.permission", "pk": 14, "fields": {"name": "Can change user", "content_type": 4, "codename": "change_user"}}, {"model": "auth.permission", "pk": 15, "fields": {"name": "Can delete user", "content_type": 4, "codename": "delete_user"}}, {"model": "auth.permission", "pk": 16, "fields": {"name": "Can view user", "content_type": 4, "codename": "view_user"}}, {"model": "auth.permission", "pk": 17, "fields": {"name": "Can add content type", "content_type": 5, "codename": "add_contenttype"}}, {"model": "auth.permission", "pk": 18, "fields": {"name": "Can change content type", "content_type": 5, "codename": "change_contenttype"}}, {"model": "auth.permission", "pk": 19, "fields": {"name": "Can delete content type", "content_type": 5, "codename": "delete_contenttype"}}, {"model": "auth.permission", "pk": 20, "fields": {"name": "Can view content type", "content_type": 5, "codename": "view_contenttype"}}, {"model": "auth.permission", "pk": 21, "fields": {"name": "Can add session", "content_type": 6, "codename": "add_session"}}, {"model": "auth.permission", "pk": 22, "fields": {"name": "Can change session", "content_type": 6, "codename": "change_session"}}, {"model": "auth.permission", "pk": 23, "fields": {"name": "Can delete session", "content_type": 6, "codename": "delete_session"}}, {"model": "auth.permission", "pk": 24, "fields": {"name": "Can view session", "content_type": 6, "codename": "view_session"}}, {"model": "auth.permission", "pk": 25, "fields": {"name": "Can add site", "content_type": 7, "codename": "add_site"}}, {"model": "auth.permission", "pk": 26, "fields": {"name": "Can change site", "content_type": 7, "codename": "change_site"}}, {"model": "auth.permission", "pk": 27, "fields": {"name": "Can delete site", "content_type": 7, "codename": "delete_site"}}, {"model": "auth.permission", "pk": 28, "fields": {"name": "Can view site", "content_type": 7, "codename": "view_site"}}, {"model": "auth.permission", "pk": 29, "fields": {"name": "Can add Site Data", "content_type": 8, "codename": "add_seosite"}}, {"model": "auth.permission", "pk": 30, "fields": {"name": "Can change Site Data", "content_type": 8, "codename": "change_seosite"}}, {"model": "auth.permission", "pk": 31, "fields": {"name": "Can delete Site Data", "content_type": 8, "codename": "delete_seosite"}}, {"model": "auth.permission", "pk": 32, "fields": {"name": "Can view Site Data", "content_type": 8, "codename": "view_seosite"}}, {"model": "auth.permission", "pk": 33, "fields": {"name": "Can add Page Data", "content_type": 9, "codename": "add_seopage"}}, {"model": "auth.permission", "pk": 34, "fields": {"name": "Can change Page Data", "content_type": 9, "codename": "change_seopage"}}, {"model": "auth.permission", "pk": 35, "fields": {"name": "Can delete Page Data", "content_type": 9, "codename": "delete_seopage"}}, {"model": "auth.permission", "pk": 36, "fields": {"name": "Can view Page Data", "content_type": 9, "codename": "view_seopage"}}, {"model": "auth.permission", "pk": 37, "fields": {"name": "Can add match", "content_type": 10, "codename": "add_match"}}, {"model": "auth.permission", "pk": 38, "fields": {"name": "Can change match", "content_type": 10, "codename": "change_match"}}, {"model": "auth.permission", "pk": 39, "fields": {"name": "Can delete match", "content_type": 10, "codename": "delete_match"}}, {"model": "auth.permission", "pk": 40, "fields": {"name": "Can view match", "content_type": 10, "codename": "view_match"}}, {"model": "auth.permission", "pk": 41, "fields": {"name": "Can add team", "content_type": 11, "codename": "add_team"}}, {"model": "auth.permission", "pk": 42, "fields": {"name": "Can change team", "content_type": 11, "codename": "change_team"}}, {"model": "auth.permission", "pk": 43, "fields": {"name": "Can delete team", "content_type": 11, "codename": "delete_team"}}, {"model": "auth.permission", "pk": 44, "fields": {"name": "Can view team", "content_type": 11, "codename": "view_team"}}, {"model": "auth.permission", "pk": 45, "fields": {"name": "Can add team match", "content_type": 12, "codename": "add_teammatch"}}, {"model": "auth.permission", "pk": 46, "fields": {"name": "Can change team match", "content_type": 12, "codename": "change_teammatch"}}, {"model": "auth.permission", "pk": 47, "fields": {"name": "Can delete team match", "content_type": 12, "codename": "delete_teammatch"}}, {"model": "auth.permission", "pk": 48, "fields": {"name": "Can view team match", "content_type": 12, "codename": "view_teammatch"}}, {"model": "contenttypes.contenttype", "pk": 1, "fields": {"app_label": "admin", "model": "logentry"}}, {"model": "contenttypes.contenttype", "pk": 2, "fields": {"app_label": "auth", "model": "permission"}}, {"model": "contenttypes.contenttype", "pk": 3, "fields": {"app_label": "auth", "model": "group"}}, {"model": "contenttypes.contenttype", "pk": 4, "fields": {"app_label": "auth", "model": "user"}}, {"model": "contenttypes.contenttype", "pk": 5, "fields": {"app_label": "contenttypes", "model": "contenttype"}}, {"model": "contenttypes.contenttype", "pk": 6, "fields": {"app_label": "sessions", "model": "session"}}, {"model": "contenttypes.contenttype", "pk": 7, "fields": {"app_label": "sites", "model": "site"}}, {"model": "contenttypes.contenttype", "pk": 8, "fields": {"app_label": "qux_seo", "model": "seosite"}}, {"model": "contenttypes.contenttype", "pk": 9, "fields": {"app_label": "qux_seo", "model": "seopage"}}, {"model": "contenttypes.contenttype", "pk": 10, "fields": {"app_label": "tournament", "model": "match"}}, {"model": "contenttypes.contenttype", "pk": 11, "fields": {"app_label": "tournament", "model": "team"}}, {"model": "contenttypes.contenttype", "pk": 12, "fields": {"app_label": "tournament", "model": "teammatch"}}, {"model": "sites.site", "pk": 1, "fields": {"domain": "example.com", "name": "example.com"}}]